Year,Production/Services,Industry Sector,Industry Sub Category,Value
1998,Production sector,"Agriculture, mining, electricity, gas, water and waste",,2.036021926
1999,Production sector,"Agriculture, mining, electricity, gas, water and waste",,2.014141847
2000,Production sector,"Agriculture, mining, electricity, gas, water and waste",,2.002074689
2001,Production sector,"Agriculture, mining, electricity, gas, water and waste",,1.930348259
2002,Production sector,"Agriculture, mining, electricity, gas, water and waste",,1.893580761
2003,Production sector,"Agriculture, mining, electricity, gas, water and waste",,1.873680507
2004,Production sector,"Agriculture, mining, electricity, gas, water and waste",,1.945592287
2005,Production sector,"Agriculture, mining, electricity, gas, water and waste",,1.769468325
2006,Production sector,"Agriculture, mining, electricity, gas, water and waste",,1.800109572
2007,Production sector,"Agriculture, mining, electricity, gas, water and waste",,1.779531363
2008,Production sector,"Agriculture, mining, electricity, gas, water and waste",,1.57051535
2009,Production sector,"Agriculture, mining, electricity, gas, water and waste",,1.554922639
2010,Production sector,"Agriculture, mining, electricity, gas, water and waste",,1.679880681
2011,Production sector,"Agriculture, mining, electricity, gas, water and waste",,1.727982163
2012,Production sector,"Agriculture, mining, electricity, gas, water and waste",,1.563271351
2013,Production sector,"Agriculture, mining, electricity, gas, water and waste",,1.38716869
2014,Production sector,"Agriculture, mining, electricity, gas, water and waste",,1.298284982
2015,Production sector,"Agriculture, mining, electricity, gas, water and waste",,1.084990958
2016,Production sector,"Agriculture, mining, electricity, gas, water and waste",,1.25476493
2017,Production sector,"Agriculture, mining, electricity, gas, water and waste",,1.301793936
2018,Production sector,"Agriculture, mining, electricity, gas, water and waste",,1.392326733
1998,Production sector,Manufacturing,"Manufacture of food, beverages, textiles and clothing",2.371629936
1999,Production sector,Manufacturing,"Manufacture of food, beverages, textiles and clothing",2.024855367
2000,Production sector,Manufacturing,"Manufacture of food, beverages, textiles and clothing",2.126556017
2001,Production sector,Manufacturing,"Manufacture of food, beverages, textiles and clothing",2.07960199
2002,Production sector,Manufacturing,"Manufacture of food, beverages, textiles and clothing",1.94092028
2003,Production sector,Manufacturing,"Manufacture of food, beverages, textiles and clothing",1.671358198
2004,Production sector,Manufacturing,"Manufacture of food, beverages, textiles and clothing",1.480716253
2005,Production sector,Manufacturing,"Manufacture of food, beverages, textiles and clothing",1.502378766
2006,Production sector,Manufacturing,"Manufacture of food, beverages, textiles and clothing",1.471393911
2007,Production sector,Manufacturing,"Manufacture of food, beverages, textiles and clothing",1.497705129
2008,Production sector,Manufacturing,"Manufacture of food, beverages, textiles and clothing",1.278509983
2009,Production sector,Manufacturing,"Manufacture of food, beverages, textiles and clothing",1.362481718
2010,Production sector,Manufacturing,"Manufacture of food, beverages, textiles and clothing",1.326634744
2011,Production sector,Manufacturing,"Manufacture of food, beverages, textiles and clothing",1.274088231
2012,Production sector,Manufacturing,"Manufacture of food, beverages, textiles and clothing",1.316439032
2013,Production sector,Manufacturing,"Manufacture of food, beverages, textiles and clothing",1.048633474
2014,Production sector,Manufacturing,"Manufacture of food, beverages, textiles and clothing",1.121974675
2015,Production sector,Manufacturing,"Manufacture of food, beverages, textiles and clothing",1.045679692
2016,Production sector,Manufacturing,"Manufacture of food, beverages, textiles and clothing",0.889453621
2017,Production sector,Manufacturing,"Manufacture of food, beverages, textiles and clothing",1.150976345
2018,Production sector,Manufacturing,"Manufacture of food, beverages, textiles and clothing",1.276299505
1998,Production sector,Manufacturing,"Manufacture of wood, petroleum, chemicals and minerals",6.01857031
1999,Production sector,Manufacturing,"Manufacture of wood, petroleum, chemicals and minerals",5.453181916
2000,Production sector,Manufacturing,"Manufacture of wood, petroleum, chemicals and minerals",5.96473029
2001,Production sector,Manufacturing,"Manufacture of wood, petroleum, chemicals and minerals",6.31840796
2002,Production sector,Manufacturing,"Manufacture of wood, petroleum, chemicals and minerals",6.476046203
2003,Production sector,Manufacturing,"Manufacture of wood, petroleum, chemicals and minerals",10.39760732
2004,Production sector,Manufacturing,"Manufacture of wood, petroleum, chemicals and minerals",9.443870523
2005,Production sector,Manufacturing,"Manufacture of wood, petroleum, chemicals and minerals",10.23286871
2006,Production sector,Manufacturing,"Manufacture of wood, petroleum, chemicals and minerals",11.79463098
2007,Production sector,Manufacturing,"Manufacture of wood, petroleum, chemicals and minerals",9.920283437
2008,Production sector,Manufacturing,"Manufacture of wood, petroleum, chemicals and minerals",10.72527819
2009,Production sector,Manufacturing,"Manufacture of wood, petroleum, chemicals and minerals",12.33931183
2010,Production sector,Manufacturing,"Manufacture of wood, petroleum, chemicals and minerals",11.36666928
2011,Production sector,Manufacturing,"Manufacture of wood, petroleum, chemicals and minerals",10.11307533
2012,Production sector,Manufacturing,"Manufacture of wood, petroleum, chemicals and minerals",7.010037848
2013,Production sector,Manufacturing,"Manufacture of wood, petroleum, chemicals and minerals",6.052349104
2014,Production sector,Manufacturing,"Manufacture of wood, petroleum, chemicals and minerals",5.313351499
2015,Production sector,Manufacturing,"Manufacture of wood, petroleum, chemicals and minerals",5.928139005
2016,Production sector,Manufacturing,"Manufacture of wood, petroleum, chemicals and minerals",6.369123253
2017,Production sector,Manufacturing,"Manufacture of wood, petroleum, chemicals and minerals",5.421495475
2018,Production sector,Manufacturing,"Manufacture of wood, petroleum, chemicals and minerals",5.159344059
1998,Production sector,Manufacturing,"Manufacture of metals, electrical products and machinery",3.367267032
1999,Production sector,Manufacturing,"Manufacture of metals, electrical products and machinery",3.835440326
2000,Production sector,Manufacturing,"Manufacture of metals, electrical products and machinery",3.692946058
2001,Production sector,Manufacturing,"Manufacture of metals, electrical products and machinery",3.432835821
2002,Production sector,Manufacturing,"Manufacture of metals, electrical products and machinery",3.219087294
2003,Production sector,Manufacturing,"Manufacture of metals, electrical products and machinery",2.955665025
2004,Production sector,Manufacturing,"Manufacture of metals, electrical products and machinery",2.866735537
2005,Production sector,Manufacturing,"Manufacture of metals, electrical products and machinery",2.704281779
2006,Production sector,Manufacturing,"Manufacture of metals, electrical products and machinery",2.786256555
2007,Production sector,Manufacturing,"Manufacture of metals, electrical products and machinery",2.794105806
2008,Production sector,Manufacturing,"Manufacture of metals, electrical products and machinery",2.54912793
2009,Production sector,Manufacturing,"Manufacture of metals, electrical products and machinery",2.186128858
2010,Production sector,Manufacturing,"Manufacture of metals, electrical products and machinery",2.205824633
2011,Production sector,Manufacturing,"Manufacture of metals, electrical products and machinery",2.309284918
2012,Production sector,Manufacturing,"Manufacture of metals, electrical products and machinery",2.270857331
2013,Production sector,Manufacturing,"Manufacture of metals, electrical products and machinery",2.022954339
2014,Production sector,Manufacturing,"Manufacture of metals, electrical products and machinery",2.027568521
2015,Production sector,Manufacturing,"Manufacture of metals, electrical products and machinery",2.091359384
2016,Production sector,Manufacturing,"Manufacture of metals, electrical products and machinery",2.104510801
2017,Production sector,Manufacturing,"Manufacture of metals, electrical products and machinery",2.53214796
2018,Production sector,Manufacturing,"Manufacture of metals, electrical products and machinery",2.459777228
1998,Production sector,Manufacturing,"Other manufacturing, repair and installation",0.425103479
1999,Production sector,Manufacturing,"Other manufacturing, repair and installation",0.417827298
2000,Production sector,Manufacturing,"Other manufacturing, repair and installation",0.414937759
2001,Production sector,Manufacturing,"Other manufacturing, repair and installation",0.368159204
2002,Production sector,Manufacturing,"Other manufacturing, repair and installation",0.312440826
2003,Production sector,Manufacturing,"Other manufacturing, repair and installation",0.272695285
2004,Production sector,Manufacturing,"Other manufacturing, repair and installation",0.266873278
2005,Production sector,Manufacturing,"Other manufacturing, repair and installation",0.225356815
2006,Production sector,Manufacturing,"Other manufacturing, repair and installation",0.203490647
2007,Production sector,Manufacturing,"Other manufacturing, repair and installation",0.193252275
2008,Production sector,Manufacturing,"Other manufacturing, repair and installation",0.189408886
2009,Production sector,Manufacturing,"Other manufacturing, repair and installation",0.200138557
2010,Production sector,Manufacturing,"Other manufacturing, repair and installation",0.188397833
2011,Production sector,Manufacturing,"Other manufacturing, repair and installation",0.175187132
2012,Production sector,Manufacturing,"Other manufacturing, repair and installation",0.131643903
2013,Production sector,Manufacturing,"Other manufacturing, repair and installation",0.173396086
2014,Production sector,Manufacturing,"Other manufacturing, repair and installation",0.176310306
2015,Production sector,Manufacturing,"Other manufacturing, repair and installation",0.172969573
2016,Production sector,Manufacturing,"Other manufacturing, repair and installation",0.214421855
2017,Production sector,Manufacturing,"Other manufacturing, repair and installation",0.238133037
2018,Production sector,Manufacturing,"Other manufacturing, repair and installation",0.239789604
1998,Production sector,Manufacturing,,12.61886117
1999,Production sector,Manufacturing,,12.17055925
2000,Production sector,Manufacturing,,12.64522822
2001,Production sector,Manufacturing,,12.62686567
2002,Production sector,Manufacturing,,12.33667866
2003,Production sector,Manufacturing,,15.39408867
2004,Production sector,Manufacturing,,14.15289256
2005,Production sector,Manufacturing,,14.70661881
2006,Production sector,Manufacturing,,16.20098615
2007,Production sector,Manufacturing,,14.42950318
2008,Production sector,Manufacturing,,14.6791887
2009,Production sector,Manufacturing,,15.97259641
2010,Production sector,Manufacturing,,15.0090274
2011,Production sector,Manufacturing,,13.8238573
2012,Production sector,Manufacturing,,10.68783939
2013,Production sector,Manufacturing,,9.272562134
2014,Production sector,Manufacturing,,8.65523321
2015,Production sector,Manufacturing,,9.246009906
2016,Production sector,Manufacturing,,9.58545108
2017,Production sector,Manufacturing,,9.342752818
2018,Production sector,Manufacturing,,9.135210396
1998,Production sector,,,14.58776149
1999,Production sector,,,14.12041997
2000,Production sector,,,14.5746888
2001,Production sector,,,14.49751244
2002,Production sector,,,14.16398409
2003,Production sector,,,17.1973962
2004,Production sector,,,16.04683196
2005,Production sector,,,16.40931475
2006,Production sector,,,17.90717696
2007,Production sector,,,16.16072148
2008,Production sector,,,16.15499961
2009,Production sector,,,17.39665923
2010,Production sector,,,16.63395871
2011,Production sector,,,15.53591336
2012,Production sector,,,12.26756623
2013,Production sector,,,10.67624474
2014,Production sector,,,9.969546402
2015,Production sector,,,10.32313861
2016,Production sector,,,10.84021601
2017,Production sector,,,10.64454675
2018,Production sector,,,10.52753713
1998,Services sector,Construction,Construction of buildings,1.946526457
1999,Services sector,Construction,Construction of buildings,1.821298479
2000,Services sector,Construction,Construction of buildings,1.701244813
2001,Services sector,Construction,Construction of buildings,1.721393035
2002,Services sector,Construction,Construction of buildings,1.779965916
2003,Services sector,Construction,Construction of buildings,1.557002111
2004,Services sector,Construction,Construction of buildings,1.652892562
2005,Services sector,Construction,Construction of buildings,1.694349387
2006,Services sector,Construction,Construction of buildings,1.729670502
2007,Services sector,Construction,Construction of buildings,1.594331267
2008,Services sector,Construction,Construction of buildings,1.310078131
2009,Services sector,Construction,Construction of buildings,1.485643907
2010,Services sector,Construction,Construction of buildings,1.648481042
2011,Services sector,Construction,Construction of buildings,1.680203854
2012,Services sector,Construction,Construction of buildings,1.365805496
2013,Services sector,Construction,Construction of buildings,1.568821732
2014,Services sector,Construction,Construction of buildings,1.626863279
2015,Services sector,Construction,Construction of buildings,1.784731504
2016,Services sector,Construction,Construction of buildings,1.842439644
2017,Services sector,Construction,Construction of buildings,1.817748849
2018,Services sector,Construction,Construction of buildings,1.879641089
1998,Services sector,Construction,Civil engineering,1.051571764
1999,Services sector,Construction,Civil engineering,0.985643883
2000,Services sector,Construction,Civil engineering,0.995850622
2001,Services sector,Construction,Civil engineering,0.925373134
2002,Services sector,Construction,Civil engineering,1.013065707
2003,Services sector,Construction,Civil engineering,0.826882477
2004,Services sector,Construction,Civil engineering,0.817837466
2005,Services sector,Construction,Civil engineering,0.826308322
2006,Services sector,Construction,Civil engineering,0.813962589
2007,Services sector,Construction,Civil engineering,0.829374346
2008,Services sector,Construction,Civil engineering,0.820771841
2009,Services sector,Construction,Civil engineering,0.762066046
2010,Services sector,Construction,Civil engineering,0.745741424
2011,Services sector,Construction,Civil engineering,0.71667463
2012,Services sector,Construction,Civil engineering,0.649991772
2013,Services sector,Construction,Civil engineering,0.58624391
2014,Services sector,Construction,Civil engineering,0.657156596
2015,Services sector,Construction,Civil engineering,0.628980266
2016,Services sector,Construction,Civil engineering,0.635324015
2017,Services sector,Construction,Civil engineering,0.587394825
2018,Services sector,Construction,Civil engineering,0.456373762
1998,Services sector,Construction,Specialised construction activities,1.901778722
1999,Services sector,Construction,Specialised construction activities,1.896293122
2000,Services sector,Construction,Specialised construction activities,1.867219917
2001,Services sector,Construction,Specialised construction activities,1.701492537
2002,Services sector,Construction,Specialised construction activities,1.798901723
2003,Services sector,Construction,Specialised construction activities,1.908866995
2004,Services sector,Construction,Specialised construction activities,2.057506887
2005,Services sector,Construction,Specialised construction activities,1.903013104
2006,Services sector,Construction,Specialised construction activities,1.768803318
2007,Services sector,Construction,Specialised construction activities,1.948627104
2008,Services sector,Construction,Specialised construction activities,1.894088864
2009,Services sector,Construction,Specialised construction activities,1.531829728
2010,Services sector,Construction,Specialised construction activities,1.530732397
2011,Services sector,Construction,Specialised construction activities,1.648351648
2012,Services sector,Construction,Specialised construction activities,1.530360375
2013,Services sector,Construction,Specialised construction activities,1.246800429
2014,Services sector,Construction,Specialised construction activities,1.57877865
2015,Services sector,Construction,Specialised construction activities,1.580312918
2016,Services sector,Construction,Specialised construction activities,1.755082592
2017,Services sector,Construction,Specialised construction activities,2.238450548
2018,Services sector,Construction,Specialised construction activities,1.995668317
1998,Services sector,Construction,,4.944624678
1999,Services sector,Construction,,4.756803085
2000,Services sector,Construction,,4.585062241
2001,Services sector,Construction,,4.39800995
2002,Services sector,Construction,,4.629804961
2003,Services sector,Construction,,4.301548205
2004,Services sector,Construction,,4.528236915
2005,Services sector,Construction,,4.44036391
2006,Services sector,Construction,,4.335916099
2007,Services sector,Construction,,4.388437072
2008,Services sector,Construction,,4.0170468
2009,Services sector,Construction,,3.787237318
2010,Services sector,Construction,,3.932804773
2011,Services sector,Construction,,4.037267081
2012,Services sector,Construction,,3.5379299
2013,Services sector,Construction,,3.410123029
2014,Services sector,Construction,,3.862798525
2015,Services sector,Construction,,3.994024687
2016,Services sector,Construction,,4.240787802
2017,Services sector,Construction,,4.643594221
2018,Services sector,Construction,,4.331683168
1998,Services sector,Wholesale and retail trade; repair of motor vehicles,Motor trades,0.839020025
1999,Services sector,Wholesale and retail trade; repair of motor vehicles,Motor trades,0.846368117
2000,Services sector,Wholesale and retail trade; repair of motor vehicles,Motor trades,0.757261411
2001,Services sector,Wholesale and retail trade; repair of motor vehicles,Motor trades,0.736318408
2002,Services sector,Wholesale and retail trade; repair of motor vehicles,Motor trades,0.729028593
2003,Services sector,Wholesale and retail trade; repair of motor vehicles,Motor trades,0.967628431
2004,Services sector,Wholesale and retail trade; repair of motor vehicles,Motor trades,1.239669421
2005,Services sector,Wholesale and retail trade; repair of motor vehicles,Motor trades,1.135130623
2006,Services sector,Wholesale and retail trade; repair of motor vehicles,Motor trades,0.829615716
2007,Services sector,Wholesale and retail trade; repair of motor vehicles,Motor trades,0.805217811
2008,Services sector,Wholesale and retail trade; repair of motor vehicles,Motor trades,0.804987767
2009,Services sector,Wholesale and retail trade; repair of motor vehicles,Motor trades,0.831344777
2010,Services sector,Wholesale and retail trade; repair of motor vehicles,Motor trades,0.949839077
2011,Services sector,Wholesale and retail trade; repair of motor vehicles,Motor trades,0.812231247
2012,Services sector,Wholesale and retail trade; repair of motor vehicles,Motor trades,0.756952444
2013,Services sector,Wholesale and retail trade; repair of motor vehicles,Motor trades,0.817438692
2014,Services sector,Wholesale and retail trade; repair of motor vehicles,Motor trades,0.761339958
2015,Services sector,Wholesale and retail trade; repair of motor vehicles,Motor trades,0.888434625
2016,Services sector,Wholesale and retail trade; repair of motor vehicles,Motor trades,1.143583227
2017,Services sector,Wholesale and retail trade; repair of motor vehicles,Motor trades,1.087474202
2018,Services sector,Wholesale and retail trade; repair of motor vehicles,Motor trades,1.113861386
1998,Services sector,Wholesale and retail trade; repair of motor vehicles,Wholesale trade,3.020472089
1999,Services sector,Wholesale and retail trade; repair of motor vehicles,Wholesale trade,3.042639811
2000,Services sector,Wholesale and retail trade; repair of motor vehicles,Wholesale trade,2.645228216
2001,Services sector,Wholesale and retail trade; repair of motor vehicles,Wholesale trade,2.776119403
2002,Services sector,Wholesale and retail trade; repair of motor vehicles,Wholesale trade,2.669948873
2003,Services sector,Wholesale and retail trade; repair of motor vehicles,Wholesale trade,2.146375792
2004,Services sector,Wholesale and retail trade; repair of motor vehicles,Wholesale trade,2.083333333
2005,Services sector,Wholesale and retail trade; repair of motor vehicles,Wholesale trade,1.602537351
2006,Services sector,Wholesale and retail trade; repair of motor vehicles,Wholesale trade,1.760976755
2007,Services sector,Wholesale and retail trade; repair of motor vehicles,Wholesale trade,1.884209679
2008,Services sector,Wholesale and retail trade; repair of motor vehicles,Wholesale trade,1.609975535
2009,Services sector,Wholesale and retail trade; repair of motor vehicles,Wholesale trade,1.570317912
2010,Services sector,Wholesale and retail trade; repair of motor vehicles,Wholesale trade,1.648481042
2011,Services sector,Wholesale and retail trade; repair of motor vehicles,Wholesale trade,1.449275362
2012,Services sector,Wholesale and retail trade; repair of motor vehicles,Wholesale trade,1.439855192
2013,Services sector,Wholesale and retail trade; repair of motor vehicles,Wholesale trade,1.965155644
2014,Services sector,Wholesale and retail trade; repair of motor vehicles,Wholesale trade,2.869049527
2015,Services sector,Wholesale and retail trade; repair of motor vehicles,Wholesale trade,3.396493435
2016,Services sector,Wholesale and retail trade; repair of motor vehicles,Wholesale trade,2.168043202
2017,Services sector,Wholesale and retail trade; repair of motor vehicles,Wholesale trade,1.88918876
2018,Services sector,Wholesale and retail trade; repair of motor vehicles,Wholesale trade,1.949257426
1998,Services sector,Wholesale and retail trade; repair of motor vehicles,Retail trade,4.497147332
1999,Services sector,Wholesale and retail trade; repair of motor vehicles,Retail trade,4.938932933
2000,Services sector,Wholesale and retail trade; repair of motor vehicles,Retail trade,4.968879668
2001,Services sector,Wholesale and retail trade; repair of motor vehicles,Retail trade,5.323383085
2002,Services sector,Wholesale and retail trade; repair of motor vehicles,Retail trade,4.970649498
2003,Services sector,Wholesale and retail trade; repair of motor vehicles,Retail trade,5.233990148
2004,Services sector,Wholesale and retail trade; repair of motor vehicles,Retail trade,5.483815427
2005,Services sector,Wholesale and retail trade; repair of motor vehicles,Retail trade,4.924463734
2006,Services sector,Wholesale and retail trade; repair of motor vehicles,Retail trade,5.055959928
2007,Services sector,Wholesale and retail trade; repair of motor vehicles,Retail trade,4.95208954
2008,Services sector,Wholesale and retail trade; repair of motor vehicles,Retail trade,4.679977902
2009,Services sector,Wholesale and retail trade; repair of motor vehicles,Retail trade,4.957278116
2010,Services sector,Wholesale and retail trade; repair of motor vehicles,Retail trade,5.110291232
2011,Services sector,Wholesale and retail trade; repair of motor vehicles,Retail trade,5.438764134
2012,Services sector,Wholesale and retail trade; repair of motor vehicles,Retail trade,5.89106467
2013,Services sector,Wholesale and retail trade; repair of motor vehicles,Retail trade,6.143175625
2014,Services sector,Wholesale and retail trade; repair of motor vehicles,Retail trade,6.884116044
2015,Services sector,Wholesale and retail trade; repair of motor vehicles,Retail trade,6.95809419
2016,Services sector,Wholesale and retail trade; repair of motor vehicles,Retail trade,6.790025413
2017,Services sector,Wholesale and retail trade; repair of motor vehicles,Retail trade,6.532782981
2018,Services sector,Wholesale and retail trade; repair of motor vehicles,Retail trade,6.892017327
1998,Services sector,Wholesale and retail trade; repair of motor vehicles,,8.278330909
1999,Services sector,Wholesale and retail trade; repair of motor vehicles,,8.763659739
2000,Services sector,Wholesale and retail trade; repair of motor vehicles,,8.360995851
2001,Services sector,Wholesale and retail trade; repair of motor vehicles,,8.825870647
2002,Services sector,Wholesale and retail trade; repair of motor vehicles,,8.369626965
2003,Services sector,Wholesale and retail trade; repair of motor vehicles,,8.427163969
2004,Services sector,Wholesale and retail trade; repair of motor vehicles,,8.918732782
2005,Services sector,Wholesale and retail trade; repair of motor vehicles,,7.762290293
2006,Services sector,Wholesale and retail trade; repair of motor vehicles,,7.716991469
2007,Services sector,Wholesale and retail trade; repair of motor vehicles,,7.713986633
2008,Services sector,Wholesale and retail trade; repair of motor vehicles,,7.173861574
2009,Services sector,Wholesale and retail trade; repair of motor vehicles,,7.435917173
2010,Services sector,Wholesale and retail trade; repair of motor vehicles,,7.802810268
2011,Services sector,Wholesale and retail trade; repair of motor vehicles,,7.73212295
2012,Services sector,Wholesale and retail trade; repair of motor vehicles,,8.087872305
2013,Services sector,Wholesale and retail trade; repair of motor vehicles,,8.942283874
2014,Services sector,Wholesale and retail trade; repair of motor vehicles,,10.4664209
2015,Services sector,Wholesale and retail trade; repair of motor vehicles,,11.18012422
2016,Services sector,Wholesale and retail trade; repair of motor vehicles,,10.10165184
2017,Services sector,Wholesale and retail trade; repair of motor vehicles,,9.509445944
2018,Services sector,Wholesale and retail trade; repair of motor vehicles,,9.955136139
1998,Services sector,Transportation and storage,"Land, water and air transport",4.206287057
1999,Services sector,Transportation and storage,"Land, water and air transport",3.899721448
2000,Services sector,Transportation and storage,"Land, water and air transport",3.713692946
2001,Services sector,Transportation and storage,"Land, water and air transport",3.820895522
2002,Services sector,Transportation and storage,"Land, water and air transport",4.042794925
2003,Services sector,Transportation and storage,"Land, water and air transport",3.826530612
2004,Services sector,Transportation and storage,"Land, water and air transport",3.83953168
2005,Services sector,Transportation and storage,"Land, water and air transport",3.764293465
2006,Services sector,Transportation and storage,"Land, water and air transport",3.435861313
2007,Services sector,Transportation and storage,"Land, water and air transport",3.534906192
2008,Services sector,Transportation and storage,"Land, water and air transport",3.717149396
2009,Services sector,Transportation and storage,"Land, water and air transport",3.71026095
2010,Services sector,Transportation and storage,"Land, water and air transport",3.658057932
2011,Services sector,Transportation and storage,"Land, water and air transport",3.909858258
2012,Services sector,Transportation and storage,"Land, water and air transport",4.080961
2013,Services sector,Transportation and storage,"Land, water and air transport",4.08719346
2014,Services sector,Transportation and storage,"Land, water and air transport",4.159320404
2015,Services sector,Transportation and storage,"Land, water and air transport",5.141913672
2016,Services sector,Transportation and storage,"Land, water and air transport",4.145489199
2017,Services sector,Transportation and storage,"Land, water and air transport",3.595808859
2018,Services sector,Transportation and storage,"Land, water and air transport",3.310643564
1998,Services sector,Transportation and storage,"Warehousing, transport support, postal and courier activities",1.733974718
1999,Services sector,Transportation and storage,"Warehousing, transport support, postal and courier activities",2.046282408
2000,Services sector,Transportation and storage,"Warehousing, transport support, postal and courier activities",2.593360996
2001,Services sector,Transportation and storage,"Warehousing, transport support, postal and courier activities",2.746268657
2002,Services sector,Transportation and storage,"Warehousing, transport support, postal and courier activities",2.395379663
2003,Services sector,Transportation and storage,"Warehousing, transport support, postal and courier activities",2.243138635
2004,Services sector,Transportation and storage,"Warehousing, transport support, postal and courier activities",2.01446281
2005,Services sector,Transportation and storage,"Warehousing, transport support, postal and courier activities",2.203488857
2006,Services sector,Transportation and storage,"Warehousing, transport support, postal and courier activities",2.246223683
2007,Services sector,Transportation and storage,"Warehousing, transport support, postal and courier activities",2.319027297
2008,Services sector,Transportation and storage,"Warehousing, transport support, postal and courier activities",1.823060532
2009,Services sector,Transportation and storage,"Warehousing, transport support, postal and courier activities",1.693480102
2010,Services sector,Transportation and storage,"Warehousing, transport support, postal and courier activities",1.797629327
2011,Services sector,Transportation and storage,"Warehousing, transport support, postal and courier activities",1.863354037
2012,Services sector,Transportation and storage,"Warehousing, transport support, postal and courier activities",2.015797268
2013,Services sector,Transportation and storage,"Warehousing, transport support, postal and courier activities",2.039468252
2014,Services sector,Transportation and storage,"Warehousing, transport support, postal and courier activities",2.29203398
2015,Services sector,Transportation and storage,"Warehousing, transport support, postal and courier activities",1.957701077
2016,Services sector,Transportation and storage,"Warehousing, transport support, postal and courier activities",1.882147395
2017,Services sector,Transportation and storage,"Warehousing, transport support, postal and courier activities",1.944753135
2018,Services sector,Transportation and storage,"Warehousing, transport support, postal and courier activities",2.150371287
1998,Services sector,Transportation and storage,,5.783644703
1999,Services sector,Transportation and storage,,5.828155132
2000,Services sector,Transportation and storage,,6.22406639
2001,Services sector,Transportation and storage,,6.47761194
2002,Services sector,Transportation and storage,,6.381367165
2003,Services sector,Transportation and storage,,6.008092892
2004,Services sector,Transportation and storage,,5.819559229
2005,Services sector,Transportation and storage,,5.901009932
2006,Services sector,Transportation and storage,,5.588166236
2007,Services sector,Transportation and storage,,5.757307352
2008,Services sector,Transportation and storage,,5.540209928
2009,Services sector,Transportation and storage,,5.396043415
2010,Services sector,Transportation and storage,,5.45568726
2011,Services sector,Transportation and storage,,5.773212295
2012,Services sector,Transportation and storage,,6.104986013
2013,Services sector,Transportation and storage,,6.126661712
2014,Services sector,Transportation and storage,,6.467382593
2015,Services sector,Transportation and storage,,7.091752496
2016,Services sector,Transportation and storage,,6.027636595
2017,Services sector,Transportation and storage,,5.548499762
2018,Services sector,Transportation and storage,,5.461014851
1998,Services sector,Accommodation and food service activities,,2.774359548
1999,Services sector,Accommodation and food service activities,,2.871223484
2000,Services sector,Accommodation and food service activities,,2.800829876
2001,Services sector,Accommodation and food service activities,,2.905472637
2002,Services sector,Accommodation and food service activities,,2.887710661
2003,Services sector,Accommodation and food service activities,,2.955665025
2004,Services sector,Accommodation and food service activities,,2.832300275
2005,Services sector,Accommodation and food service activities,,2.754361072
2006,Services sector,Accommodation and food service activities,,2.848869062
2007,Services sector,Accommodation and food service activities,,2.802157984
2008,Services sector,Accommodation and food service activities,,2.85691737
2009,Services sector,Accommodation and food service activities,,2.540220152
2010,Services sector,Accommodation and food service activities,,2.723918675
2011,Services sector,Accommodation and food service activities,,2.826883262
2012,Services sector,Accommodation and food service activities,,3.225275629
2013,Services sector,Accommodation and food service activities,,3.022046074
2014,Services sector,Accommodation and food service activities,,2.925148261
2015,Services sector,Accommodation and food service activities,,3.160625835
2016,Services sector,Accommodation and food service activities,,3.073379924
2017,Services sector,Accommodation and food service activities,,3.230671535
2018,Services sector,Accommodation and food service activities,,3.233292079
1998,Services sector,Information and communication,,1.912965656
1999,Services sector,Information and communication,,2.260552818
2000,Services sector,Information and communication,,2.624481328
2001,Services sector,Information and communication,,2.646766169
2002,Services sector,Information and communication,,2.423783374
2003,Services sector,Information and communication,,2.51583392
2004,Services sector,Information and communication,,2.806473829
2005,Services sector,Information and communication,,3.138302312
2006,Services sector,Information and communication,,3.201064413
2007,Services sector,Information and communication,,3.406071342
2008,Services sector,Information and communication,,3.961802541
2009,Services sector,Information and communication,,3.594796398
2010,Services sector,Information and communication,,3.885705314
2011,Services sector,Information and communication,,4.30801083
2012,Services sector,Information and communication,,5.018923811
2013,Services sector,Information and communication,,6.22574519
2014,Services sector,Information and communication,,6.403269755
2015,Services sector,Information and communication,,5.645097885
2016,Services sector,Information and communication,,6.392947903
2017,Services sector,Information and communication,,6.604222893
2018,Services sector,Information and communication,,7.325185644
1998,Services sector,Financial and insurance activities,,9.755006153
1999,Services sector,Financial and insurance activities,,7.87443754
2000,Services sector,Financial and insurance activities,,9.004149378
2001,Services sector,Financial and insurance activities,,9.373134328
2002,Services sector,Financial and insurance activities,,9.912895285
2003,Services sector,Financial and insurance activities,,8.875791696
2004,Services sector,Financial and insurance activities,,9.409435262
2005,Services sector,Financial and insurance activities,,9.3230949
2006,Services sector,Financial and insurance activities,,9.25882445
2007,Services sector,Financial and insurance activities,,9.17948305
2008,Services sector,Financial and insurance activities,,9.391523952
2009,Services sector,Financial and insurance activities,,8.936956354
2010,Services sector,Financial and insurance activities,,8.046157469
2011,Services sector,Financial and insurance activities,,7.588788024
2012,Services sector,Financial and insurance activities,,7.569524436
2013,Services sector,Financial and insurance activities,,7.44777475
2014,Services sector,Financial and insurance activities,,7.156595608
2015,Services sector,Financial and insurance activities,,7.359069109
2016,Services sector,Financial and insurance activities,,7.202986023
2017,Services sector,Financial and insurance activities,,7.334497539
2018,Services sector,Financial and insurance activities,,6.311881188
1998,Services sector,Real estate activities,"Real estate activities, excluding imputed rental",4.776820673
1999,Services sector,Real estate activities,"Real estate activities, excluding imputed rental",5.035354618
2000,Services sector,Real estate activities,"Real estate activities, excluding imputed rental",4.564315353
2001,Services sector,Real estate activities,"Real estate activities, excluding imputed rental",4.676616915
2002,Services sector,Real estate activities,"Real estate activities, excluding imputed rental",4.430978981
2003,Services sector,Real estate activities,"Real estate activities, excluding imputed rental",4.160802252
2004,Services sector,Real estate activities,"Real estate activities, excluding imputed rental",4.450757576
2005,Services sector,Real estate activities,"Real estate activities, excluding imputed rental",4.390284617
2006,Services sector,Real estate activities,"Real estate activities, excluding imputed rental",4.656805197
2007,Services sector,Real estate activities,"Real estate activities, excluding imputed rental",4.702472019
2008,Services sector,Real estate activities,"Real estate activities, excluding imputed rental",5.224528451
2009,Services sector,Real estate activities,"Real estate activities, excluding imputed rental",5.688553614
2010,Services sector,Real estate activities,"Real estate activities, excluding imputed rental",5.73828401
2011,Services sector,Real estate activities,"Real estate activities, excluding imputed rental",6.02006689
2012,Services sector,Real estate activities,"Real estate activities, excluding imputed rental",6.565739674
2013,Services sector,Real estate activities,"Real estate activities, excluding imputed rental",5.961522583
2014,Services sector,Real estate activities,"Real estate activities, excluding imputed rental",5.545760539
2015,Services sector,Real estate activities,"Real estate activities, excluding imputed rental",5.228398459
2016,Services sector,Real estate activities,"Real estate activities, excluding imputed rental",5.185832274
2017,Services sector,Real estate activities,"Real estate activities, excluding imputed rental",4.91347833
2018,Services sector,Real estate activities,"Real estate activities, excluding imputed rental",4.818997525
1998,Services sector,Real estate activities,Owner-occupiers' imputed rental,5.839579371
1999,Services sector,Real estate activities,Owner-occupiers' imputed rental,5.924576816
2000,Services sector,Real estate activities,Owner-occupiers' imputed rental,6.099585062
2001,Services sector,Real estate activities,Owner-occupiers' imputed rental,5.970149254
2002,Services sector,Real estate activities,Owner-occupiers' imputed rental,5.652338572
2003,Services sector,Real estate activities,Owner-occupiers' imputed rental,5.233990148
2004,Services sector,Real estate activities,Owner-occupiers' imputed rental,5.630165289
2005,Services sector,Real estate activities,Owner-occupiers' imputed rental,5.734078958
2006,Services sector,Real estate activities,Owner-occupiers' imputed rental,5.85426939
2007,Services sector,Real estate activities,Owner-occupiers' imputed rental,5.845881311
2008,Services sector,Real estate activities,Owner-occupiers' imputed rental,5.413937337
2009,Services sector,Real estate activities,Owner-occupiers' imputed rental,5.857901624
2010,Services sector,Real estate activities,Owner-occupiers' imputed rental,5.777533558
2011,Services sector,Real estate activities,Owner-occupiers' imputed rental,5.717470935
2012,Services sector,Real estate activities,Owner-occupiers' imputed rental,5.89106467
2013,Services sector,Real estate activities,Owner-occupiers' imputed rental,5.9202378
2014,Services sector,Real estate activities,Owner-occupiers' imputed rental,5.770155474
2015,Services sector,Real estate activities,Owner-occupiers' imputed rental,5.676546898
2016,Services sector,Real estate activities,Owner-occupiers' imputed rental,5.765565438
2017,Services sector,Real estate activities,Owner-occupiers' imputed rental,5.723130656
2018,Services sector,Real estate activities,Owner-occupiers' imputed rental,5.62345297
1998,Services sector,Real estate activities,,10.81776485
1999,Services sector,Real estate activities,,11.0992072
2000,Services sector,Real estate activities,,10.97510373
2001,Services sector,Real estate activities,,10.89552239
2002,Services sector,Real estate activities,,10.31054724
2003,Services sector,Real estate activities,,9.60591133
2004,Services sector,Real estate activities,,10.30475207
2005,Services sector,Real estate activities,,10.38310659
2006,Services sector,Real estate activities,,10.73804492
2007,Services sector,Real estate activities,,10.76576214
2008,Services sector,Real estate activities,,10.68581801
2009,Services sector,Real estate activities,,11.58494342
2010,Services sector,Real estate activities,,11.54721721
2011,Services sector,Real estate activities,,11.75346393
2012,Services sector,Real estate activities,,12.45680434
2013,Services sector,Real estate activities,,11.89001734
2014,Services sector,Real estate activities,,11.31591601
2015,Services sector,Real estate activities,,10.90494536
2016,Services sector,Real estate activities,,10.95933926
2017,Services sector,Real estate activities,,10.63660899
2018,Services sector,Real estate activities,,10.45018564
1998,Services sector,"Professional, scientific and technical activities",Legal and accounting activities,2.930976619
1999,Services sector,"Professional, scientific and technical activities",Legal and accounting activities,3.139061496
2000,Services sector,"Professional, scientific and technical activities",Legal and accounting activities,2.821576763
2001,Services sector,"Professional, scientific and technical activities",Legal and accounting activities,3.034825871
2002,Services sector,"Professional, scientific and technical activities",Legal and accounting activities,2.793031623
2003,Services sector,"Professional, scientific and technical activities",Legal and accounting activities,2.788529205
2004,Services sector,"Professional, scientific and technical activities",Legal and accounting activities,2.703168044
2005,Services sector,"Professional, scientific and technical activities",Legal and accounting activities,2.996410984
2006,Services sector,"Professional, scientific and technical activities",Legal and accounting activities,3.122798779
2007,Services sector,"Professional, scientific and technical activities",Legal and accounting activities,3.67179322
2008,Services sector,"Professional, scientific and technical activities",Legal and accounting activities,3.780285692
2009,Services sector,"Professional, scientific and technical activities",Legal and accounting activities,3.764144408
2010,Services sector,"Professional, scientific and technical activities",Legal and accounting activities,4.097652877
2011,Services sector,"Professional, scientific and technical activities",Legal and accounting activities,4.618569836
2012,Services sector,"Professional, scientific and technical activities",Legal and accounting activities,4.368932039
2013,Services sector,"Professional, scientific and technical activities",Legal and accounting activities,4.714722153
2014,Services sector,"Professional, scientific and technical activities",Legal and accounting activities,4.343644815
2015,Services sector,"Professional, scientific and technical activities",Legal and accounting activities,4.096233981
2016,Services sector,"Professional, scientific and technical activities",Legal and accounting activities,3.75635324
2017,Services sector,"Professional, scientific and technical activities",Legal and accounting activities,4.357834577
2018,Services sector,"Professional, scientific and technical activities",Legal and accounting activities,4.525061881
1998,Services sector,"Professional, scientific and technical activities",Head offices and management consultancy,0.21255174
1999,Services sector,"Professional, scientific and technical activities",Head offices and management consultancy,0.267838012
2000,Services sector,"Professional, scientific and technical activities",Head offices and management consultancy,0.248962656
2001,Services sector,"Professional, scientific and technical activities",Head offices and management consultancy,0.288557214
2002,Services sector,"Professional, scientific and technical activities",Head offices and management consultancy,0.27456921
2003,Services sector,"Professional, scientific and technical activities",Head offices and management consultancy,0.299085151
2004,Services sector,"Professional, scientific and technical activities",Head offices and management consultancy,0.361570248
2005,Services sector,"Professional, scientific and technical activities",Head offices and management consultancy,0.325515399
2006,Services sector,"Professional, scientific and technical activities",Head offices and management consultancy,0.375675041
2007,Services sector,"Professional, scientific and technical activities",Head offices and management consultancy,0.507287221
2008,Services sector,"Professional, scientific and technical activities",Head offices and management consultancy,0.568226659
2009,Services sector,"Professional, scientific and technical activities",Head offices and management consultancy,0.431067662
2010,Services sector,"Professional, scientific and technical activities",Head offices and management consultancy,0.400345396
2011,Services sector,"Professional, scientific and technical activities",Head offices and management consultancy,0.350374263
2012,Services sector,"Professional, scientific and technical activities",Head offices and management consultancy,0.31265427
2013,Services sector,"Professional, scientific and technical activities",Head offices and management consultancy,0.355049129
2014,Services sector,"Professional, scientific and technical activities",Head offices and management consultancy,0.360634717
2015,Services sector,"Professional, scientific and technical activities",Head offices and management consultancy,0.33021464
2016,Services sector,"Professional, scientific and technical activities",Head offices and management consultancy,0.373252859
2017,Services sector,"Professional, scientific and technical activities",Head offices and management consultancy,0.476266074
2018,Services sector,"Professional, scientific and technical activities",Head offices and management consultancy,0.425433168
1998,Services sector,"Professional, scientific and technical activities",Architectural and engineering activities,0.447477346
1999,Services sector,"Professional, scientific and technical activities",Architectural and engineering activities,0.439254339
2000,Services sector,"Professional, scientific and technical activities",Architectural and engineering activities,0.404564315
2001,Services sector,"Professional, scientific and technical activities",Architectural and engineering activities,0.368159204
2002,Services sector,"Professional, scientific and technical activities",Architectural and engineering activities,0.388184056
2003,Services sector,"Professional, scientific and technical activities",Architectural and engineering activities,0.369458128
2004,Services sector,"Professional, scientific and technical activities",Architectural and engineering activities,0.370179063
2005,Services sector,"Professional, scientific and technical activities",Architectural and engineering activities,0.417327435
2006,Services sector,"Professional, scientific and technical activities",Architectural and engineering activities,0.414807858
2007,Services sector,"Professional, scientific and technical activities",Architectural and engineering activities,0.450921974
2008,Services sector,"Professional, scientific and technical activities",Architectural and engineering activities,0.418277958
2009,Services sector,"Professional, scientific and technical activities",Architectural and engineering activities,0.377184204
2010,Services sector,"Professional, scientific and technical activities",Architectural and engineering activities,0.384645577
2011,Services sector,"Professional, scientific and technical activities",Architectural and engineering activities,0.366300366
2012,Services sector,"Professional, scientific and technical activities",Architectural and engineering activities,0.39493171
2013,Services sector,"Professional, scientific and technical activities",Architectural and engineering activities,0.363306085
2014,Services sector,"Professional, scientific and technical activities",Architectural and engineering activities,0.416733451
2015,Services sector,"Professional, scientific and technical activities",Architectural and engineering activities,0.400974919
2016,Services sector,"Professional, scientific and technical activities",Architectural and engineering activities,0.357369759
2017,Services sector,"Professional, scientific and technical activities",Architectural and engineering activities,0.357199555
2018,Services sector,"Professional, scientific and technical activities",Architectural and engineering activities,0.36355198
1998,Services sector,"Professional, scientific and technical activities","Other professional, scientific and technical activities",1.073945632
1999,Services sector,"Professional, scientific and technical activities","Other professional, scientific and technical activities",1.039211485
2000,Services sector,"Professional, scientific and technical activities","Other professional, scientific and technical activities",0.96473029
2001,Services sector,"Professional, scientific and technical activities","Other professional, scientific and technical activities",0.905472637
2002,Services sector,"Professional, scientific and technical activities","Other professional, scientific and technical activities",0.908918765
2003,Services sector,"Professional, scientific and technical activities","Other professional, scientific and technical activities",0.853272343
2004,Services sector,"Professional, scientific and technical activities","Other professional, scientific and technical activities",0.886707989
2005,Services sector,"Professional, scientific and technical activities","Other professional, scientific and technical activities",0.868041065
2006,Services sector,"Professional, scientific and technical activities","Other professional, scientific and technical activities",0.876575096
2007,Services sector,"Professional, scientific and technical activities","Other professional, scientific and technical activities",0.877687414
2008,Services sector,"Professional, scientific and technical activities","Other professional, scientific and technical activities",0.860232026
2009,Services sector,"Professional, scientific and technical activities","Other professional, scientific and technical activities",0.777461319
2010,Services sector,"Professional, scientific and technical activities","Other professional, scientific and technical activities",0.894889709
2011,Services sector,"Professional, scientific and technical activities","Other professional, scientific and technical activities",0.99538143
2012,Services sector,"Professional, scientific and technical activities","Other professional, scientific and technical activities",0.831002139
2013,Services sector,"Professional, scientific and technical activities","Other professional, scientific and technical activities",0.842209562
2014,Services sector,"Professional, scientific and technical activities","Other professional, scientific and technical activities",0.865523321
2015,Services sector,"Professional, scientific and technical activities","Other professional, scientific and technical activities",0.739051812
2016,Services sector,"Professional, scientific and technical activities","Other professional, scientific and technical activities",0.786213469
2017,Services sector,"Professional, scientific and technical activities","Other professional, scientific and technical activities",0.928718844
2018,Services sector,"Professional, scientific and technical activities","Other professional, scientific and technical activities",1.005569307
1998,Services sector,"Professional, scientific and technical activities",,4.597829735
1999,Services sector,"Professional, scientific and technical activities",,4.831797729
2000,Services sector,"Professional, scientific and technical activities",,4.398340249
2001,Services sector,"Professional, scientific and technical activities",,4.547263682
2002,Services sector,"Professional, scientific and technical activities",,4.326832039
2003,Services sector,"Professional, scientific and technical activities",,4.283954961
2004,Services sector,"Professional, scientific and technical activities",,4.321625344
2005,Services sector,"Professional, scientific and technical activities",,4.598948335
2006,Services sector,"Professional, scientific and technical activities",,4.789856774
2007,Services sector,"Professional, scientific and technical activities",,5.515742008
2008,Services sector,"Professional, scientific and technical activities",,5.627022334
2009,Services sector,"Professional, scientific and technical activities",,5.357555231
2010,Services sector,"Professional, scientific and technical activities",,5.769683649
2011,Services sector,"Professional, scientific and technical activities",,6.314699793
2012,Services sector,"Professional, scientific and technical activities",,5.882836926
2013,Services sector,"Professional, scientific and technical activities",,6.258773016
2014,Services sector,"Professional, scientific and technical activities",,5.986536304
2015,Services sector,"Professional, scientific and technical activities",,5.558613099
2016,Services sector,"Professional, scientific and technical activities",,5.273189327
2017,Services sector,"Professional, scientific and technical activities",,6.120019051
2018,Services sector,"Professional, scientific and technical activities",,6.319616337
1998,Services sector,Administrative and support service activities,Rental and leasing activities,0.257299474
1999,Services sector,Administrative and support service activities,Rental and leasing activities,0.342832655
2000,Services sector,Administrative and support service activities,Rental and leasing activities,0.342323651
2001,Services sector,Administrative and support service activities,Rental and leasing activities,0.328358209
2002,Services sector,Administrative and support service activities,Rental and leasing activities,0.378716152
2003,Services sector,Administrative and support service activities,Rental and leasing activities,0.343068262
2004,Services sector,Administrative and support service activities,Rental and leasing activities,0.327134986
2005,Services sector,Administrative and support service activities,Rental and leasing activities,0.325515399
2006,Services sector,Administrative and support service activities,Rental and leasing activities,0.328715661
2007,Services sector,Administrative and support service activities,Rental and leasing activities,0.354295837
2008,Services sector,Administrative and support service activities,Rental and leasing activities,0.331465551
2009,Services sector,Administrative and support service activities,Rental and leasing activities,0.261719652
2010,Services sector,Administrative and support service activities,Rental and leasing activities,0.29044666
2011,Services sector,Administrative and support service activities,Rental and leasing activities,0.270743749
2012,Services sector,Administrative and support service activities,Rental and leasing activities,0.329109758
2013,Services sector,Administrative and support service activities,Rental and leasing activities,0.379819998
2014,Services sector,Administrative and support service activities,Rental and leasing activities,0.392691136
2015,Services sector,Administrative and support service activities,Rental and leasing activities,0.440286186
2016,Services sector,Administrative and support service activities,Rental and leasing activities,0.563850064
2017,Services sector,Administrative and support service activities,Rental and leasing activities,0.658834736
2018,Services sector,Administrative and support service activities,Rental and leasing activities,0.750309406
1998,Services sector,Administrative and support service activities,Employment activities; tourism and security services,0.536972816
1999,Services sector,Administrative and support service activities,Employment activities; tourism and security services,0.546389544
2000,Services sector,Administrative and support service activities,Employment activities; tourism and security services,0.591286307
2001,Services sector,Administrative and support service activities,Employment activities; tourism and security services,0.666666667
2002,Services sector,Administrative and support service activities,Employment activities; tourism and security services,0.653285363
2003,Services sector,Administrative and support service activities,Employment activities; tourism and security services,0.562983814
2004,Services sector,Administrative and support service activities,Employment activities; tourism and security services,0.628443526
2005,Services sector,Administrative and support service activities,Employment activities; tourism and security services,0.651030799
2006,Services sector,Administrative and support service activities,Employment activities; tourism and security services,0.727870392
2007,Services sector,Administrative and support service activities,Employment activities; tourism and security services,1.014574442
2008,Services sector,Administrative and support service activities,Employment activities; tourism and security services,1.049640912
2009,Services sector,Administrative and support service activities,Employment activities; tourism and security services,0.746670772
2010,Services sector,Administrative and support service activities,Employment activities; tourism and security services,0.918439438
2011,Services sector,Administrative and support service activities,Employment activities; tourism and security services,0.979455327
2012,Services sector,Administrative and support service activities,Employment activities; tourism and security services,1.127200922
2013,Services sector,Administrative and support service activities,Employment activities; tourism and security services,1.403682603
2014,Services sector,Administrative and support service activities,Employment activities; tourism and security services,1.61083507
2015,Services sector,Administrative and support service activities,Employment activities; tourism and security services,1.855491784
2016,Services sector,Administrative and support service activities,Employment activities; tourism and security services,1.961562897
2017,Services sector,Administrative and support service activities,Employment activities; tourism and security services,1.9288776
2018,Services sector,Administrative and support service activities,Employment activities; tourism and security services,2.281868812
1998,Services sector,Administrative and support service activities,Services to buildings and landscape activities,0.346794944
1999,Services sector,Administrative and support service activities,Services to buildings and landscape activities,0.353546175
2000,Services sector,Administrative and support service activities,Services to buildings and landscape activities,0.435684647
2001,Services sector,Administrative and support service activities,Services to buildings and landscape activities,0.547263682
2002,Services sector,Administrative and support service activities,Services to buildings and landscape activities,0.511266806
2003,Services sector,Administrative and support service activities,Services to buildings and landscape activities,0.404644616
2004,Services sector,Administrative and support service activities,Services to buildings and landscape activities,0.370179063
2005,Services sector,Administrative and support service activities,Services to buildings and landscape activities,0.375594692
2006,Services sector,Administrative and support service activities,Services to buildings and landscape activities,0.344368788
2007,Services sector,Administrative and support service activities,Services to buildings and landscape activities,0.354295837
2008,Services sector,Administrative and support service activities,Services to buildings and landscape activities,0.339357588
2009,Services sector,Administrative and support service activities,Services to buildings and landscape activities,0.323300747
2010,Services sector,Administrative and support service activities,Services to buildings and landscape activities,0.361095847
2011,Services sector,Administrative and support service activities,Services to buildings and landscape activities,0.390189521
2012,Services sector,Administrative and support service activities,Services to buildings and landscape activities,0.370248478
2013,Services sector,Administrative and support service activities,Services to buildings and landscape activities,0.322021303
2014,Services sector,Administrative and support service activities,Services to buildings and landscape activities,0.304535983
2015,Services sector,Administrative and support service activities,Services to buildings and landscape activities,0.30662788
2016,Services sector,Administrative and support service activities,Services to buildings and landscape activities,0.333545108
2017,Services sector,Administrative and support service activities,Services to buildings and landscape activities,0.388950627
2018,Services sector,Administrative and support service activities,Services to buildings and landscape activities,0.394492574
1998,Services sector,Administrative and support service activities,Office administration and business support activities,0.816646157
1999,Services sector,Administrative and support service activities,Office administration and business support activities,1.124919649
2000,Services sector,Administrative and support service activities,Office administration and business support activities,0.871369295
2001,Services sector,Administrative and support service activities,Office administration and business support activities,0.945273632
2002,Services sector,Administrative and support service activities,Office administration and business support activities,0.956258284
2003,Services sector,Administrative and support service activities,Office administration and business support activities,1.117171006
2004,Services sector,Administrative and support service activities,Office administration and business support activities,1.282713499
2005,Services sector,Administrative and support service activities,Office administration and business support activities,1.368833987
2006,Services sector,Administrative and support service activities,Office administration and business support activities,1.134851687
2007,Services sector,Administrative and support service activities,Office administration and business support activities,1.119252758
2008,Services sector,Administrative and support service activities,Office administration and business support activities,0.947044432
2009,Services sector,Administrative and support service activities,Office administration and business support activities,0.846740051
2010,Services sector,Administrative and support service activities,Office administration and business support activities,1.14608682
2011,Services sector,Administrative and support service activities,Office administration and business support activities,1.290014333
2012,Services sector,Administrative and support service activities,Office administration and business support activities,1.209478361
2013,Services sector,Administrative and support service activities,Office administration and business support activities,1.345883907
2014,Services sector,Administrative and support service activities,Office administration and business support activities,1.210129828
2015,Services sector,Administrative and support service activities,Office administration and business support activities,1.053541945
2016,Services sector,Administrative and support service activities,Office administration and business support activities,1.215057179
2017,Services sector,Administrative and support service activities,Office administration and business support activities,0.960469916
2018,Services sector,Administrative and support service activities,Office administration and business support activities,0.611076733
1998,Services sector,Administrative and support service activities,,1.789909386
1999,Services sector,Administrative and support service activities,,2.131990572
2000,Services sector,Administrative and support service activities,,2.074688797
2001,Services sector,Administrative and support service activities,,2.278606965
2002,Services sector,Administrative and support service activities,,2.300700625
2003,Services sector,Administrative and support service activities,,2.234342013
2004,Services sector,Administrative and support service activities,,2.41046832
2005,Services sector,Administrative and support service activities,,2.503964611
2006,Services sector,Administrative and support service activities,,2.42623464
2007,Services sector,Administrative and support service activities,,2.810210162
2008,Services sector,Administrative and support service activities,,2.659616447
2009,Services sector,Administrative and support service activities,,2.139943037
2010,Services sector,Administrative and support service activities,,2.676819217
2011,Services sector,Administrative and support service activities,,2.87466157
2012,Services sector,Administrative and support service activities,,3.003126543
2013,Services sector,Administrative and support service activities,,3.443150855
2014,Services sector,Administrative and support service activities,,3.510177913
2015,Services sector,Administrative and support service activities,,3.655947795
2016,Services sector,Administrative and support service activities,,4.066073698
2017,Services sector,Administrative and support service activities,,3.92919511
2018,Services sector,Administrative and support service activities,,4.045482673
1998,Services sector,Public administration and defence,,9.699071485
1999,Services sector,Public administration and defence,,9.974287551
2000,Services sector,Public administration and defence,,9.201244813
2001,Services sector,Public administration and defence,,8.865671642
2002,Services sector,Public administration and defence,,10.00757432
2003,Services sector,Public administration and defence,,9.306826179
2004,Services sector,Public administration and defence,,9.022038567
2005,Services sector,Public administration and defence,,9.13112428
2006,Services sector,Public administration and defence,,8.961415043
2007,Services sector,Public administration and defence,,9.098961269
2008,Services sector,Public administration and defence,,9.210007103
2009,Services sector,Public administration and defence,,9.344931106
2010,Services sector,Public administration and defence,,9.412041762
2011,Services sector,Public administration and defence,,8.775282688
2012,Services sector,Public administration and defence,,8.515714991
2013,Services sector,Public administration and defence,,8.149616052
2014,Services sector,Public administration and defence,,7.52524443
2015,Services sector,Public administration and defence,,7.414104882
2016,Services sector,Public administration and defence,,7.337992376
2017,Services sector,Public administration and defence,,7.453564058
2018,Services sector,Public administration and defence,,7.781559406
1998,Services sector,Education,,10.82895178
1999,Services sector,Education,,11.10992072
2000,Services sector,Education,,10.2593361
2001,Services sector,Education,,9.383084577
2002,Services sector,Education,,10.03597803
2003,Services sector,Education,,9.122097115
2004,Services sector,Education,,8.651859504
2005,Services sector,Education,,9.214589767
2006,Services sector,Education,,8.483994678
2007,Services sector,Education,,8.446734842
2008,Services sector,Education,,8.34188304
2009,Services sector,Education,,7.828496652
2010,Services sector,Education,,7.025669205
2011,Services sector,Education,,6.720815416
2012,Services sector,Education,,7.182820471
2013,Services sector,Education,,7.381719098
2014,Services sector,Education,,7.32489181
2015,Services sector,Education,,7.00526771
2016,Services sector,Education,,7.345933926
2017,Services sector,Education,,7.517066201
2018,Services sector,Education,,7.634591584
1998,Services sector,Human health and social work activities,Human health and residential care activities,8.64749972
1999,Services sector,Human health and social work activities,Human health and residential care activities,8.270837797
2000,Services sector,Human health and social work activities,Human health and residential care activities,8.412863071
2001,Services sector,Human health and social work activities,Human health and residential care activities,8.407960199
2002,Services sector,Human health and social work activities,Human health and residential care activities,8.60632456
2003,Services sector,Human health and social work activities,Human health and residential care activities,8.691062632
2004,Services sector,Human health and social work activities,Human health and residential care activities,8.47107438
2005,Services sector,Human health and social work activities,Human health and residential care activities,8.204657374
2006,Services sector,Human health and social work activities,Human health and residential care activities,7.99874775
2007,Services sector,Human health and social work activities,Human health and residential care activities,8.06828247
2008,Services sector,Human health and social work activities,Human health and residential care activities,8.704916739
2009,Services sector,Human health and social work activities,Human health and residential care activities,8.936956354
2010,Services sector,Human health and social work activities,Human health and residential care activities,8.658450428
2011,Services sector,Human health and social work activities,Human health and residential care activities,8.791208791
2012,Services sector,Human health and social work activities,Human health and residential care activities,9.856837255
2013,Services sector,Human health and social work activities,Human health and residential care activities,10.06522996
2014,Services sector,Human health and social work activities,Human health and residential care activities,9.376502645
2015,Services sector,Human health and social work activities,Human health and residential care activities,9.32463244
2016,Services sector,Human health and social work activities,Human health and residential care activities,9.736340534
2017,Services sector,Human health and social work activities,Human health and residential care activities,10.23972059
2018,Services sector,Human health and social work activities,Human health and residential care activities,10.21813119
1998,Services sector,Human health and social work activities,Social work activities,2.751985681
1999,Services sector,Human health and social work activities,Social work activities,3.23548318
2000,Services sector,Human health and social work activities,Social work activities,3.433609959
2001,Services sector,Human health and social work activities,Social work activities,3.114427861
2002,Services sector,Human health and social work activities,Social work activities,3.285362621
2003,Services sector,Human health and social work activities,Social work activities,3.342716397
2004,Services sector,Human health and social work activities,Social work activities,3.073347107
2005,Services sector,Human health and social work activities,Social work activities,2.746014523
2006,Services sector,Human health and social work activities,Social work activities,2.535806527
2007,Services sector,Human health and social work activities,Social work activities,2.705531846
2008,Services sector,Human health and social work activities,Social work activities,2.336042933
2009,Services sector,Human health and social work activities,Social work activities,2.40166269
2010,Services sector,Human health and social work activities,Social work activities,2.849517231
2011,Services sector,Human health and social work activities,Social work activities,2.858735467
2012,Services sector,Human health and social work activities,Social work activities,2.698700016
2013,Services sector,Human health and social work activities,Social work activities,2.807365205
2014,Services sector,Human health and social work activities,Social work activities,2.75685206
2015,Services sector,Human health and social work activities,Social work activities,2.657441623
2016,Services sector,Human health and social work activities,Social work activities,2.596886912
2017,Services sector,Human health and social work activities,Social work activities,2.19082394
2018,Services sector,Human health and social work activities,Social work activities,1.871905941
1998,Services sector,Human health and social work activities,Human health and social work activities,11.35473767
1999,Services sector,Human health and social work activities,Human health and social work activities,11.22776945
2000,Services sector,Human health and social work activities,Human health and social work activities,11.52489627
2001,Services sector,Human health and social work activities,Human health and social work activities,11.30348259
2002,Services sector,Human health and social work activities,Human health and social work activities,11.64552168
2003,Services sector,Human health and social work activities,Human health and social work activities,11.76108374
2004,Services sector,Human health and social work activities,Human health and social work activities,11.33780992
2005,Services sector,Human health and social work activities,Human health and social work activities,10.82547367
2006,Services sector,Human health and social work activities,Human health and social work activities,10.44846208
2007,Services sector,Human health and social work activities,Human health and social work activities,10.65303165
2008,Services sector,Human health and social work activities,Human health and social work activities,11.08041986
2009,Services sector,Human health and social work activities,Human health and social work activities,11.37710723
2010,Services sector,Human health and social work activities,Human health and social work activities,11.40591883
2011,Services sector,Human health and social work activities,Human health and social work activities,11.56235069
2012,Services sector,Human health and social work activities,Human health and social work activities,12.57199276
2013,Services sector,Human health and social work activities,Human health and social work activities,12.87259516
2014,Services sector,Human health and social work activities,Human health and social work activities,12.11732649
2015,Services sector,Human health and social work activities,Human health and social work activities,11.98207406
2016,Services sector,Human health and social work activities,Human health and social work activities,12.33322745
2017,Services sector,Human health and social work activities,Human health and social work activities,12.4384823
2018,Services sector,Human health and social work activities,Human health and social work activities,12.09777228
1998,Services sector,"Arts, entertainment and recreation","Arts, entertainment and recreation",3.84830518
1999,Services sector,"Arts, entertainment and recreation","Arts, entertainment and recreation",3.342618384
2000,Services sector,"Arts, entertainment and recreation","Arts, entertainment and recreation",3.350622407
2001,Services sector,"Arts, entertainment and recreation","Arts, entertainment and recreation",3.124378109
2002,Services sector,"Arts, entertainment and recreation","Arts, entertainment and recreation",2.849839046
2003,Services sector,"Arts, entertainment and recreation","Arts, entertainment and recreation",3.06122449
2004,Services sector,"Arts, entertainment and recreation","Arts, entertainment and recreation",3.081955923
2005,Services sector,"Arts, entertainment and recreation","Arts, entertainment and recreation",3.255153994
2006,Services sector,"Arts, entertainment and recreation","Arts, entertainment and recreation",2.942787822
2007,Services sector,"Arts, entertainment and recreation","Arts, entertainment and recreation",2.753844915
2008,Services sector,"Arts, entertainment and recreation","Arts, entertainment and recreation",2.75432089
2009,Services sector,"Arts, entertainment and recreation","Arts, entertainment and recreation",2.709568163
2010,Services sector,"Arts, entertainment and recreation","Arts, entertainment and recreation",2.833817411
2011,Services sector,"Arts, entertainment and recreation","Arts, entertainment and recreation",3.041885651
2012,Services sector,"Arts, entertainment and recreation","Arts, entertainment and recreation",3.398058252
2013,Services sector,"Arts, entertainment and recreation","Arts, entertainment and recreation",2.633969119
2014,Services sector,"Arts, entertainment and recreation","Arts, entertainment and recreation",3.20564193
2015,Services sector,"Arts, entertainment and recreation","Arts, entertainment and recreation",3.247110622
2016,Services sector,"Arts, entertainment and recreation","Arts, entertainment and recreation",3.192503177
2017,Services sector,"Arts, entertainment and recreation","Arts, entertainment and recreation",3.13541832
2018,Services sector,"Arts, entertainment and recreation","Arts, entertainment and recreation",3.109529703
1998,Services sector,Other service activities,Membership organisations; repair of household goods,0.604094418
1999,Services sector,Other service activities,Membership organisations; repair of household goods,0.546389544
2000,Services sector,Other service activities,Membership organisations; repair of household goods,0.643153527
2001,Services sector,Other service activities,Membership organisations; repair of household goods,0.537313433
2002,Services sector,Other service activities,Membership organisations; repair of household goods,0.492330998
2003,Services sector,Other service activities,Membership organisations; repair of household goods,0.395847994
2004,Services sector,Other service activities,Membership organisations; repair of household goods,0.39600551
2005,Services sector,Other service activities,Membership organisations; repair of household goods,0.467406727
2006,Services sector,Other service activities,Membership organisations; repair of household goods,0.516553181
2007,Services sector,Other service activities,Membership organisations; repair of household goods,0.410661084
2008,Services sector,Other service activities,Membership organisations; repair of household goods,0.449846105
2009,Services sector,Other service activities,Membership organisations; repair of household goods,0.46185821
2010,Services sector,Other service activities,Membership organisations; repair of household goods,0.510244132
2011,Services sector,Other service activities,Membership organisations; repair of household goods,0.493709189
2012,Services sector,Other service activities,Membership organisations; repair of household goods,0.649991772
2013,Services sector,Other service activities,Membership organisations; repair of household goods,0.701841301
2014,Services sector,Other service activities,Membership organisations; repair of household goods,0.745311749
2015,Services sector,Other service activities,Membership organisations; repair of household goods,0.581806746
2016,Services sector,Other service activities,Membership organisations; repair of household goods,0.524142313
2017,Services sector,Other service activities,Membership organisations; repair of household goods,0.468328306
2018,Services sector,Other service activities,Membership organisations; repair of household goods,0.433168317
1998,Services sector,Other service activities,Other personal service activities,1.096319499
1999,Services sector,Other service activities,Other personal service activities,1.124919649
2000,Services sector,Other service activities,Other personal service activities,1.192946058
2001,Services sector,Other service activities,Other personal service activities,1.293532338
2002,Services sector,Other service activities,Other personal service activities,1.230827495
2003,Services sector,Other service activities,Other personal service activities,1.293103448
2004,Services sector,Other service activities,Other personal service activities,1.188016529
2005,Services sector,Other service activities,Other personal service activities,1.135130623
2006,Services sector,Other service activities,Other personal service activities,1.00180011
2007,Services sector,Other service activities,Other personal service activities,1.054835333
2008,Services sector,Other service activities,Other personal service activities,0.915476284
2009,Services sector,Other service activities,Other personal service activities,0.869832961
2010,Services sector,Other service activities,Other personal service activities,0.902739618
2011,Services sector,Other service activities,Other personal service activities,1.130753305
2012,Services sector,Other service activities,Other personal service activities,0.954418299
2013,Services sector,Other service activities,Other personal service activities,0.900008257
2014,Services sector,Other service activities,Other personal service activities,0.889565636
2015,Services sector,Other service activities,Other personal service activities,0.770500826
2016,Services sector,Other service activities,Other personal service activities,0.976810673
2017,Services sector,Other service activities,Other personal service activities,0.690585807
2018,Services sector,Other service activities,Other personal service activities,0.827660891
1998,Services sector,Other service activities,,1.678040049
1999,Services sector,Other service activities,,1.62845511
2000,Services sector,Other service activities,,1.794605809
2001,Services sector,Other service activities,,1.771144279
2002,Services sector,Other service activities,,1.66635107
2003,Services sector,Other service activities,,1.618578466
2004,Services sector,Other service activities,,1.523760331
2005,Services sector,Other service activities,,1.569151156
2006,Services sector,Other service activities,,1.502700164
2007,Services sector,Other service activities,,1.441339882
2008,Services sector,Other service activities,,1.36532239
2009,Services sector,Other service activities,,1.347086444
2010,Services sector,Other service activities,,1.42083366
2011,Services sector,Other service activities,,1.616499443
2012,Services sector,Other service activities,,1.620865559
2013,Services sector,Other service activities,,1.626620428
2014,Services sector,Other service activities,,1.666933803
2015,Services sector,Other service activities,,1.368032078
2016,Services sector,Other service activities,,1.500952986
2017,Services sector,Other service activities,,1.158914113
2018,Services sector,Other service activities,,1.260829208
1998,Services sector,Activities of households,Households as employers and own use production,0.089495469
1999,Services sector,Activities of households,Households as employers and own use production,0.064281123
2000,Services sector,Activities of households,Households as employers and own use production,0.05186722
2001,Services sector,Activities of households,Households as employers and own use production,0.059701493
2002,Services sector,Activities of households,Households as employers and own use production,0.056807423
2003,Services sector,Activities of households,Households as employers and own use production,0.105559465
2004,Services sector,Activities of households,Households as employers and own use production,0.09469697
2005,Services sector,Activities of households,Households as employers and own use production,0.108505133
2006,Services sector,Activities of households,Households as employers and own use production,0.086092197
2007,Services sector,Activities of households,Households as employers and own use production,0.088573959
2008,Services sector,Activities of households,Households as employers and own use production,0.063136295
2009,Services sector,Activities of households,Households as employers and own use production,0.092371642
2010,Services sector,Activities of households,Households as employers and own use production,0.133448465
2011,Services sector,Activities of households,Households as employers and own use production,0.135371875
2012,Services sector,Activities of households,Households as employers and own use production,0.139871647
2013,Services sector,Activities of households,Households as employers and own use production,0.14036826
2014,Services sector,Activities of households,Households as employers and own use production,0.136239782
2015,Services sector,Activities of households,Households as employers and own use production,0.1179338
2016,Services sector,Activities of households,Households as employers and own use production,0.111181703
2017,Services sector,Activities of households,Households as employers and own use production,0.111128751
2018,Services sector,Activities of households,Households as employers and own use production,0.15470297
1998,Services sector,Activities of households,,0.089495469
1999,Services sector,Activities of households,,0.064281123
2000,Services sector,Activities of households,,0.05186722
2001,Services sector,Activities of households,,0.059701493
2002,Services sector,Activities of households,,0.056807423
2003,Services sector,Activities of households,,0.105559465
2004,Services sector,Activities of households,,0.09469697
2005,Services sector,Activities of households,,0.108505133
2006,Services sector,Activities of households,,0.086092197
2007,Services sector,Activities of households,,0.088573959
2008,Services sector,Activities of households,,0.063136295
2009,Services sector,Activities of households,,0.092371642
2010,Services sector,Activities of households,,0.133448465
2011,Services sector,Activities of households,,0.135371875
2012,Services sector,Activities of households,,0.139871647
2013,Services sector,Activities of households,,0.14036826
2014,Services sector,Activities of households,,0.136239782
2015,Services sector,Activities of households,,0.1179338
2016,Services sector,Activities of households,,0.111181703
2017,Services sector,Activities of households,,0.111128751
2018,Services sector,Activities of households,,0.15470297
1998,Services sector,,,80.5906701
1999,Services sector,,,81.24062567
2000,Services sector,,,80.91286307
2001,Services sector,,,81.19402985
2002,Services sector,,,81.29142208
2003,Services sector,,,78.49225897
2004,Services sector,,,79.39910468
2005,Services sector,,,79.15032134
2006,Services sector,,,77.89778508
2007,Services sector,,,79.49110234
2008,Services sector,,,79.87530582
2009,Services sector,,,78.91617273
2010,Services sector,,,79.48033598
2011,Services sector,,,80.44274566
2012,Services sector,,,84.23564259
2013,Services sector,,,85.96317397
2014,Services sector,,,86.19169739
2015,Services sector,,,85.69856121
2016,Services sector,,,84.91105464
2017,Services sector,,,84.71979679
2018,Services sector,,,85.1407797
